Name,Email,Phone
John Doe,johndoe@example.com,1234567890
Jane Smith,janesmith@example.com,9876543210
Robert Brown,robertbrown@example.com,1112223333
Lisa White,lisawhite@example.com,4445556666
Michael Johnson,michaeljohnson@example.com,1122334455
Emily Davis,emilydavis@example.com,2233445566
William Martinez,williammartinez@example.com,3344556677
Olivia Taylor,oliviataylor@example.com,4455667788
David Anderson,davidanderson@example.com,5566778899
Sophia Thomas,sophiathomas@example.com,6677889900
James Lee,jameslee@example.com,7788990011
Isabella Harris,isabellaharris@example.com,8899001122
Benjamin Clark,benjaminclark@example.com,9900112233
Ava Lewis,avalewis@example.com,1011121314
Daniel Walker,danielwalker@example.com,1213141516
Mia Hall,miahall@example.com,1314151617
Matthew Allen,matthewallen@example.com,1415161718
Charlotte Young,charlotteyoung@example.com,1516171819
Joseph King,josephking@example.com,1617181920
Amelia Scott,ameliascott@example.com,1718192021
